Year,Mode,TradeType,ContCode,DF,TradeValue,Weight,WeightLb
1993,Mail (U.S. Postal Service),Export,U,1,8738802.0,,
1993,Mail (U.S. Postal Service),Export,U,2,765121.0,,
1993,Mail (U.S. Postal Service),Import,U,U,1333259.0,,
1993,Other/Unknown,Export,U,1,12097173096.0,,
1993,Other/Unknown,Export,U,2,635553088.0,,
1993,Other/Unknown,Import,U,U,438580112.0,,
1993,Pipeline,Export,U,1,618329.0,,
1993,Pipeline,Import,U,U,227810779.0,,
1993,Rail,Export,U,1,3882400444.0,,
1993,Rail,Export,U,2,21191027.0,,
1993,Rail,Import,1,U,42681968.0,,
1993,Rail,Import,U,U,6180116140.0,,
1993,Truck,Export,U,1,34789267249.0,,
1993,Truck,Export,U,2,840811940.0,,
1993,Truck,Import,1,U,37569737.0,,
1993,Truck,Import,U,U,19801973144.0,,
1994,Mail (U.S. Postal Service),Export,U,1,5488889.0,,
1994,Mail (U.S. Postal Service),Export,U,2,3613.0,,
1994,Mail (U.S. Postal Service),Import,U,U,1861880.0,,
1994,Other/Unknown,Export,U,1,3422854410.0,,
1994,Other/Unknown,Export,U,2,94397278.0,,
1994,Other/Unknown,Import,U,U,643485952.0,,
1994,Pipeline,Export,U,1,420097.0,,
1994,Pipeline,Import,U,U,187900655.0,,
1994,Rail,Export,U,1,5123085670.0,,
1994,Rail,Export,U,2,27830181.0,,
1994,Rail,Import,1,U,205960445.0,,
1994,Rail,Import,U,U,7563042328.0,,
1994,Truck,Export,U,1,46265273849.0,,
1994,Truck,Export,U,2,1507990132.0,,
1994,Truck,Import,1,U,344133975.0,,
1994,Truck,Import,U,U,34669811295.0,,
1995,Foreign Trade Zones (FTZs),Import,U,U,1099153524.0,413450.41,911501.04
1995,Mail (U.S. Postal Service),Export,U,1,26769432.0,,
1995,Mail (U.S. Postal Service),Export,U,2,63988.0,,
1995,Mail (U.S. Postal Service),Import,U,U,1252973.0,100.28,221.08
1995,Other/Unknown,Export,U,1,1979103946.0,,
1995,Other/Unknown,Export,U,2,46656178.0,,
1995,Other/Unknown,Import,U,U,768924379.0,6497.03,14323.48
1995,Pipeline,Export,U,1,1016099.0,,
1995,Pipeline,Import,U,U,27394482.0,228794.38,504404.67
1995,Rail,Export,U,1,4646194717.0,,
1995,Rail,Export,U,2,48238715.0,,
1995,Rail,Import,1,U,468226202.0,61533.26,135657.46
1995,Rail,Import,U,U,8669719876.0,2954166.55,6512814.66
1995,Truck,Export,U,1,34853431849.0,,
1995,Truck,Export,U,2,1060717059.0,,
1995,Truck,Import,1,U,1054847383.0,48849.58,107694.76
1995,Truck,Import,U,U,41959424668.0,10497750.87,23143551.52
1996,Foreign Trade Zones (FTZs),Import,U,U,2015644833.0,748874.11,1650982.84
1996,Mail (U.S. Postal Service),Import,U,U,1525358.0,109.2,240.74
1996,Other/Unknown,Export,U,1,2475585560.0,,
1996,Other/Unknown,Export,U,2,64503027.0,,
1996,Other/Unknown,Import,U,U,639210776.0,6356.68,14014.06
1996,Pipeline,Export,U,1,2299845.0,,
1996,Pipeline,Import,U,U,8120219.0,124601.57,274699.11
1996,Rail,Export,U,1,4984455503.0,,
1996,Rail,Export,U,2,134793379.0,,
1996,Rail,Import,1,U,363779246.0,139774.98,308150.72
1996,Rail,Import,U,U,11933904115.0,5166247.27,11389612.06
1996,Truck,Export,U,1,42580017652.0,,
1996,Truck,Export,U,2,1511770698.0,,
1996,Truck,Import,1,U,901733557.0,87115.67,192056.95
1996,Truck,Import,U,U,47448256767.0,15876315.78,35001243.29
1997,Foreign Trade Zones (FTZs),Import,U,U,2119594219.0,472076.24,1040748.72
1997,Mail (U.S. Postal Service),Export,U,1,95386.0,,
1997,Mail (U.S. Postal Service),Export,U,2,14359.0,,
1997,Mail (U.S. Postal Service),Import,U,U,159475.0,44.28,97.62
1997,Other/Unknown,Export,U,1,2813362068.0,,
1997,Other/Unknown,Export,U,2,47177485.0,,
1997,Other/Unknown,Import,U,U,668196266.0,9510.18,20966.33
1997,Pipeline,Export,U,1,68272041.0,,
1997,Pipeline,Import,U,U,3595254.0,84676.97,186680.54
1997,Rail,Export,U,1,5457997607.0,,
1997,Rail,Export,U,2,190004463.0,,
1997,Rail,Import,1,U,210698866.0,57710.54,127229.81
1997,Rail,Import,U,U,12436232580.0,5559567.59,12256733.9
1997,Truck,Export,U,1,53466074234.0,,
1997,Truck,Export,U,2,2126535994.0,,
1997,Truck,Import,1,U,884253423.0,152887.95,337059.83
1997,Truck,Import,U,U,55832243527.0,17657351.24,38927749.69
1998,Foreign Trade Zones (FTZs),Import,U,U,2886691988.0,442063.51,974582.06
1998,Mail (U.S. Postal Service),Export,U,1,87508.0,,
1998,Mail (U.S. Postal Service),Export,U,2,7935.0,,
1998,Mail (U.S. Postal Service),Import,U,U,166655.0,6.54,14.42
1998,Other/Unknown,Export,U,1,3431255508.0,,
1998,Other/Unknown,Export,U,2,38754511.0,,
1998,Other/Unknown,Import,U,U,917752553.0,9930.77,21893.57
1998,Pipeline,Export,U,1,73350041.0,,
1998,Pipeline,Import,U,U,2383433.0,63121.34,139158.57
1998,Rail,Export,U,1,5989839833.0,,
1998,Rail,Export,U,2,198937364.0,,
1998,Rail,Import,1,U,85648753.0,96160.87,211998.18
1998,Rail,Import,U,U,11944015869.0,5889698.01,12984546.03
1998,Truck,Export,U,1,57772049951.0,,
1998,Truck,Export,U,2,2660066010.0,,
1998,Truck,Import,1,U,1332258245.0,307760.43,678494.8
1998,Truck,Import,U,U,64551428351.0,18978434.08,41840235.34
1999,Foreign Trade Zones (FTZs),Import,U,U,2624357339.0,242299.13,534177.51
1999,Mail (U.S. Postal Service),Export,U,1,728429.0,,
1999,Mail (U.S. Postal Service),Import,U,U,215689.0,21.16,46.65
1999,Other/Unknown,Export,U,1,3279624914.0,,
1999,Other/Unknown,Export,U,2,69958036.0,,
1999,Other/Unknown,Import,U,U,1255828144.0,21131.3,46586.49
1999,Pipeline,Export,U,1,137082149.0,,
1999,Pipeline,Export,U,2,7117997.0,,
1999,Pipeline,Import,U,U,1549472.0,45669.47,100683.83
1999,Rail,Export,U,1,5379441599.0,,
1999,Rail,Export,U,2,331172559.0,,
1999,Rail,Import,1,U,469301010.0,200261.08,441499.58
1999,Rail,Import,U,U,14224144308.0,6481681.94,14289645.64
1999,Truck,Export,U,1,62838693835.0,,
1999,Truck,Export,U,2,4085146204.0,,
1999,Truck,Import,1,U,1256040978.0,388471.64,856432.35
1999,Truck,Import,U,U,75191922873.0,21290985.64,46938532.76
2000,Foreign Trade Zones (FTZs),Import,U,U,2125681006.0,125426.39,276517.53
2000,Mail (U.S. Postal Service),Export,U,2,45000.0,,
2000,Mail (U.S. Postal Service),Import,U,U,552299.0,8.35,18.41
2000,Other/Unknown,Export,U,1,3837571791.0,,
2000,Other/Unknown,Export,U,2,134425816.0,,
2000,Other/Unknown,Import,U,U,1573883110.0,26687.89,58836.66
2000,Pipeline,Export,U,1,301804909.0,,
2000,Pipeline,Import,U,U,11533034.0,128690.38,283713.39
2000,Rail,Export,U,1,9284159953.0,,
2000,Rail,Export,U,2,1211632067.0,,
2000,Rail,Import,1,U,161557900.0,180239.59,397359.8
2000,Rail,Import,U,U,20894555984.0,7134334.46,15728496.44
2000,Truck,Export,U,1,74429257647.0,,
2000,Truck,Export,U,2,7959974801.0,,
2000,Truck,Import,1,U,1712092335.0,457677.46,1009004.88
2000,Truck,Import,U,U,86956652764.0,22346909.5,49266443.62
2001,Foreign Trade Zones (FTZs),Import,U,U,1894932046.0,144601.61,318791.6
2001,Mail (U.S. Postal Service),Export,U,1,104293.0,,
2001,Mail (U.S. Postal Service),Export,U,2,3535.0,,
2001,Mail (U.S. Postal Service),Import,U,U,53119.0,3.47,7.65
2001,Other/Unknown,Export,U,1,3833810407.0,,
2001,Other/Unknown,Export,U,2,183876020.0,,
2001,Other/Unknown,Import,U,U,1539691853.0,35705.99,78718.14
2001,Pipeline,Export,U,1,296119600.0,,
2001,Pipeline,Import,U,U,1620159.0,17836.17,39321.98
2001,Rail,Export,U,1,9303227181.0,,
2001,Rail,Export,U,2,1086178258.0,,
2001,Rail,Import,1,U,328117970.0,216139.46,476505.38
2001,Rail,Import,U,U,21728658899.0,8185064.05,18044955.91
2001,Truck,Export,U,1,66236840632.0,,
2001,Truck,Export,U,2,7986218948.0,,
2001,Truck,Import,1,U,1531743152.0,377436.48,832104.01
2001,Truck,Import,U,U,84845506704.0,22142212.4,48815164.3
2002,Foreign Trade Zones (FTZs),Import,U,U,1446810676.0,456168.3,1005677.76
2002,Mail (U.S. Postal Service),Export,U,1,485636.0,,
2002,Mail (U.S. Postal Service),Export,U,2,163299.0,,
2002,Mail (U.S. Postal Service),Import,U,U,202717.0,41.8,92.15
2002,Other/Unknown,Export,U,1,3403580877.0,,
2002,Other/Unknown,Export,U,2,117922332.0,,
2002,Other/Unknown,Import,U,U,1548890514.0,2126.01,4687.04
2002,Pipeline,Export,U,1,567927109.0,,
2002,Pipeline,Import,U,U,597552.0,5497.36,12119.59
2002,Rail,Export,U,1,9310244069.0,,
2002,Rail,Export,U,2,832760166.0,,
2002,Rail,Import,1,U,234283703.0,270931.0,597299.9
2002,Rail,Import,U,U,20556405564.0,8344209.37,18395810.86
2002,Truck,Export,U,1,61958655486.0,,
2002,Truck,Export,U,2,8966076133.0,,
2002,Truck,Import,1,U,1496863885.0,437518.59,964562.23
2002,Truck,Import,U,U,89096744797.0,22946417.66,50588131.3
2003,Air,Export,U,1,759932880.0,9247.77,20387.82
2003,Air,Export,U,2,247321608.0,1659.46,3658.48
2003,Air,Import,U,U,547202207.0,10697.48,23583.88
2003,Foreign Trade Zones (FTZs),Import,U,U,1005380554.0,361347.48,796633.88
2003,Mail (U.S. Postal Service),Export,U,1,105057.0,,
2003,Mail (U.S. Postal Service),Export,U,2,251614.0,,
2003,Mail (U.S. Postal Service),Import,U,U,31225.0,2.54,5.6
2003,Other/Unknown,Export,U,1,3536479673.0,,
2003,Other/Unknown,Export,U,2,106867988.0,,
2003,Other/Unknown,Import,U,U,1600145314.0,5312.32,11711.65
2003,Pipeline,Export,U,1,155347265.0,,
2003,Pipeline,Import,U,U,211172.0,90.72,200.0
2003,Rail,Export,U,1,10647036926.0,,
2003,Rail,Export,U,2,617893555.0,,
2003,Rail,Import,1,U,1468298943.0,314051.56,692364.35
2003,Rail,Import,U,U,18233380211.0,7902126.27,17421185.62
2003,Truck,Export,U,1,58220627294.0,,
2003,Truck,Export,U,2,12330212378.0,,
2003,Truck,Import,1,U,1656062610.0,517048.69,1139895.88
2003,Truck,Import,U,U,90878976763.0,23394892.85,51576848.67
2003,Vessel,Export,U,1,1137154304.0,4305882.93,9492835.63
2003,Vessel,Export,U,2,12104826.0,10967.56,24179.3
2003,Vessel,Import,U,U,3610452101.0,19966800.96,44019208.73
2004,Air,Export,U,1,4228491842.0,52693.76,116169.72
2004,Air,Export,U,2,1784667768.0,10401.3,22930.91
2004,Air,Import,U,U,3456025951.0,69940.08,154191.3
2004,Foreign Trade Zones (FTZs),Import,U,U,679775558.0,285518.59,629459.99
2004,Mail (U.S. Postal Service),Export,U,1,209397.0,,
2004,Mail (U.S. Postal Service),Export,U,2,17899962.0,,
2004,Mail (U.S. Postal Service),Import,U,U,31964.0,23.43,51.65
2004,Other/Unknown,Export,U,1,4169936231.0,,
2004,Other/Unknown,Export,U,2,46430821.0,,
2004,Other/Unknown,Import,U,U,1838706036.0,9075.52,20008.07
2004,Pipeline,Export,U,1,87173939.0,,
2004,Pipeline,Import,U,U,310870.0,8669.53,19113.02
2004,Rail,Export,U,1,12896332150.0,,
2004,Rail,Export,U,2,736542263.0,,
2004,Rail,Import,1,U,1350782217.0,320449.58,706469.55
2004,Rail,Import,U,U,18832611933.0,9002354.69,19846771.2
2004,Truck,Export,U,1,64331054520.0,,
2004,Truck,Export,U,2,15018117243.0,,
2004,Truck,Import,1,U,1629487076.0,521168.03,1148977.46
2004,Truck,Import,U,U,103314339485.0,27682074.69,61028455.5
2004,Vessel,Export,U,1,7304505171.0,23244124.61,51244462.0
2004,Vessel,Export,U,2,153923538.0,155602.55,343044.49
2004,Vessel,Import,U,U,24740939825.0,112184036.12,247323169.71
2005,Air,Export,U,1,4317754078.0,45194.12,99635.86
2005,Air,Export,U,2,2121496619.0,10220.1,22531.44
2005,Air,Import,U,U,3903181081.0,70926.2,156365.32
2005,Foreign Trade Zones (FTZs),Import,U,U,360424046.0,48149.86,106152.14
2005,Mail (U.S. Postal Service),Export,U,1,110090.0,,
2005,Mail (U.S. Postal Service),Export,U,2,21498860.0,,
2005,Mail (U.S. Postal Service),Import,U,U,17930.0,3.85,8.49
2005,Other/Unknown,Export,U,1,4493997235.0,,
2005,Other/Unknown,Export,U,2,128776157.0,,
2005,Other/Unknown,Import,U,U,1990203024.0,36705.21,80921.04
2005,Pipeline,Export,U,1,542736246.0,,
2005,Pipeline,Export,U,2,544329.0,,
2005,Rail,Export,U,1,14841663794.0,,
2005,Rail,Export,U,2,905989553.0,,
2005,Rail,Import,1,U,1901611433.0,396475.02,874076.76
2005,Rail,Import,U,U,18880576124.0,10495890.39,23139449.87
2005,Truck,Export,U,1,68295043152.0,,
2005,Truck,Export,U,2,15046151863.0,,
2005,Truck,Import,1,U,1455022473.0,456418.41,1006229.16
2005,Truck,Import,U,U,110812603192.0,29677744.89,65428149.94
2005,Vessel,Export,U,1,9175356126.0,22748353.26,50151474.56
2005,Vessel,Export,U,2,157796291.0,51469.75,113471.24
2005,Vessel,Import,U,U,30894244502.0,112413718.55,247829532.19
2006,Air,Export,U,1,4928098420.0,50182.09,110632.44
2006,Air,Export,U,2,2439242506.0,13423.21,29593.08
2006,Air,Import,U,U,4117754268.0,77763.93,171439.92
2006,Foreign Trade Zones (FTZs),Import,U,U,423335649.0,283770.15,625605.35
2006,Mail (U.S. Postal Service),Export,U,1,52717.0,,
2006,Mail (U.S. Postal Service),Export,U,2,282301.0,,
2006,Mail (U.S. Postal Service),Import,U,U,47465.0,2.9,6.39
2006,Other/Unknown,Export,U,1,5717423396.0,,
2006,Other/Unknown,Export,U,2,61651200.0,,
2006,Other/Unknown,Import,U,U,2399227652.0,73702.87,162486.82
2006,Pipeline,Export,U,1,706958930.0,,
2006,Pipeline,Import,U,U,55378478.0,128347.41,282957.27
2006,Rail,Export,U,1,16267304014.0,,
2006,Rail,Export,U,2,1003911922.0,,
2006,Rail,Import,1,U,1639608504.0,390881.64,861745.48
2006,Rail,Import,U,U,24223905943.0,11426386.2,25190839.54
2006,Truck,Export,U,1,76977347507.0,,
2006,Truck,Export,U,2,16014250465.0,,
2006,Truck,Import,1,U,1229830597.0,400343.63,882605.57
2006,Truck,Import,U,U,125233813193.0,30887344.88,68094858.27
2006,Vessel,Export,U,1,9965140634.0,25644293.54,56535922.42
2006,Vessel,Export,U,2,85419041.0,60469.2,133311.61
2006,Vessel,Import,U,U,38935737429.0,113062688.51,249260264.34
2007,Air,Export,0,1,4595645692.0,49250.84,108579.39
2007,Air,Export,0,2,2203514885.0,13360.14,29454.03
2007,Air,Export,1,1,17430398.0,445.97,983.19
2007,Air,Export,1,2,7271023.0,56.1,123.68
2007,Air,Import,0,U,4680270797.0,102965.81,227000.48
2007,Air,Import,1,U,4182048.0,927.45,2044.67
2007,Foreign Trade Zones (FTZs),Import,0,U,751125938.0,84927.05,187231.87
2007,Mail (U.S. Postal Service),Export,X,1,2371856.0,,
2007,Mail (U.S. Postal Service),Export,X,2,479088.0,,
2007,Other/Unknown,Export,X,1,5430857020.0,,
2007,Other/Unknown,Export,X,2,150190479.0,,
2007,Other/Unknown,Import,0,U,2696392377.0,1926.07,4246.25
2007,Pipeline,Export,X,1,784656652.0,,
2007,Pipeline,Export,X,2,2697286.0,,
2007,Pipeline,Import,0,U,168626787.0,333736.51,735762.18
2007,Rail,Export,0,1,16043124668.0,,
2007,Rail,Export,0,2,887434011.0,,
2007,Rail,Export,1,1,2278265323.0,,
2007,Rail,Export,1,2,131210200.0,,
2007,Rail,Import,0,U,25488782460.0,10758688.25,23718819.29
2007,Rail,Import,1,U,1571264187.0,344143.85,758706.41
2007,Truck,Export,0,1,77734229476.0,,
2007,Truck,Export,0,2,13579325210.0,,
2007,Truck,Export,1,1,1634944499.0,,
2007,Truck,Export,1,2,98707838.0,,
2007,Truck,Import,0,U,136164922846.0,31248923.27,68892001.22
2007,Truck,Import,1,U,872047545.0,261050.17,575516.43
2007,Vessel,Export,0,1,9736371959.0,25174810.84,55500891.47
2007,Vessel,Export,0,2,71916702.0,143064.13,315402.04
2007,Vessel,Export,1,1,1123216116.0,781216.54,1722285.61
2007,Vessel,Export,1,2,27401426.0,6438.81,14195.13
2007,Vessel,Import,0,U,36376008809.0,101922948.03,224701369.69
2007,Vessel,Import,1,U,2025397086.0,1553558.25,3425005.59
2008,Air,Export,0,1,4539506727.0,44600.51,98327.18
2008,Air,Export,0,2,2436806088.0,13839.2,30510.18
2008,Air,Export,1,1,50975611.0,387.26,853.76
2008,Air,Export,1,2,2574052.0,28.47,62.77
2008,Air,Import,0,U,5949433853.0,82588.14,182075.47
2008,Air,Import,1,U,2734082.0,278.67,614.36
2008,Foreign Trade Zones (FTZs),Import,0,U,1024900761.0,148894.83,328256.52
2008,Foreign Trade Zones (FTZs),Import,1,U,54032490.0,337.06,743.09
2008,Mail (U.S. Postal Service),Export,X,1,163551.0,,
2008,Mail (U.S. Postal Service),Export,X,2,442029.0,,
2008,Mail (U.S. Postal Service),Import,0,U,64722.0,1.3,2.87
2008,Other/Unknown,Export,X,1,5940813210.0,,
2008,Other/Unknown,Export,X,2,166400435.0,,
2008,Other/Unknown,Import,0,U,2716860324.0,1427.07,3146.15
2008,Pipeline,Export,X,1,1248449926.0,,
2008,Pipeline,Export,X,2,2048102.0,,
2008,Pipeline,Import,0,U,193177052.0,363398.48,801155.56
2008,Rail,Export,0,1,18801775231.0,,
2008,Rail,Export,0,2,772112883.0,,
2008,Rail,Export,1,1,2257554242.0,,
2008,Rail,Export,1,2,133760332.0,,
2008,Rail,Import,0,U,23313243955.0,9501709.0,20947657.7
2008,Rail,Import,1,U,1951535615.0,458805.47,1011491.72
2008,Truck,Export,0,1,82134279502.0,,
2008,Truck,Export,0,2,16267099666.0,,
2008,Truck,Export,1,1,1751348527.0,,
2008,Truck,Export,1,2,111182945.0,,
2008,Truck,Import,0,U,133604134349.0,30324011.14,66852921.44
2008,Truck,Import,1,U,620057527.0,120042.33,264647.72
2008,Vessel,Export,0,1,13724273873.0,25731950.68,56729173.11
2008,Vessel,Export,0,2,114033066.0,139728.61,308048.49
2008,Vessel,Export,1,1,1058264677.0,578759.02,1275943.71
2008,Vessel,Export,1,2,24727269.0,3429.3,7560.3
2008,Vessel,Import,0,U,44449419112.0,89483931.92,197278065.99
2008,Vessel,Import,1,U,2035260486.0,1690272.15,3726407.79
2009,Air,Export,0,1,4209231755.0,38679.04,85272.59
2009,Air,Export,0,2,2961853162.0,14454.77,31867.28
2009,Air,Export,1,1,10974045.0,197.88,436.25
2009,Air,Export,1,2,2924352.0,26.22,57.81
2009,Air,Import,0,U,7701019364.0,51289.12,113073.02
2009,Air,Import,1,U,3395197.0,223.52,492.78
2009,Foreign Trade Zones (FTZs),Import,0,U,1035647769.0,66688.33,147022.43
2009,Foreign Trade Zones (FTZs),Import,1,U,119900643.0,21328.88,47022.08
2009,Mail (U.S. Postal Service),Export,X,1,569036.0,,
2009,Mail (U.S. Postal Service),Export,X,2,248192.0,,
2009,Mail (U.S. Postal Service),Import,0,U,98241.0,0.39,0.86
2009,Other/Unknown,Export,X,1,4735236129.0,,
2009,Other/Unknown,Export,X,2,146700578.0,,
2009,Other/Unknown,Import,0,U,2174967503.0,1255.98,2768.96
2009,Pipeline,Export,X,1,787310105.0,,
2009,Pipeline,Export,X,2,1230129.0,,
2009,Pipeline,Import,0,U,155295266.0,488229.1,1076359.64
2009,Rail,Export,0,1,13349159938.0,,
2009,Rail,Export,0,2,623687647.0,,
2009,Rail,Export,1,1,1226965299.0,,
2009,Rail,Export,1,2,88372590.0,,
2009,Rail,Import,0,U,17698235457.0,7509342.92,16555247.59
2009,Rail,Import,1,U,1604296592.0,441329.53,972963.91
2009,Truck,Export,0,1,68488100607.0,,
2009,Truck,Export,0,2,19088022350.0,,
2009,Truck,Export,1,1,1566094351.0,,
2009,Truck,Export,1,2,265792482.0,,
2009,Truck,Import,0,U,117290964606.0,27361992.87,60322796.72
2009,Truck,Import,1,U,496399427.0,113517.63,250263.24
2009,Vessel,Export,0,1,10688621132.0,27063698.7,59665171.43
2009,Vessel,Export,0,2,73605606.0,55597.68,122571.76
2009,Vessel,Export,1,1,650365449.0,470943.7,1038251.9
2009,Vessel,Export,1,2,23177355.0,2869.47,6326.09
2009,Vessel,Import,0,U,26713539740.0,76026065.17,167608583.8
2009,Vessel,Import,1,U,1543288327.0,1369726.28,3019725.95
2010,Air,Export,0,1,4423675193.0,45549.61,100419.58
2010,Air,Export,0,2,3041594336.0,14872.12,32787.37
2010,Air,Export,1,1,10784061.0,139.6,307.76
2010,Air,Export,1,2,8737325.0,84.17,185.56
2010,Air,Import,0,U,10893756048.0,75376.99,166177.62
2010,Air,Import,1,U,38395189.0,90.37,199.23
2010,Foreign Trade Zones (FTZs),Import,0,U,1713624859.0,290047.05,639443.53
2010,Foreign Trade Zones (FTZs),Import,1,U,150189903.0,42605.52,93928.98
2010,Mail (U.S. Postal Service),Export,X,1,374289.0,,
2010,Mail (U.S. Postal Service),Export,X,2,176674.0,,
2010,Mail (U.S. Postal Service),Import,0,U,1981.0,0.04,0.09
2010,Other/Unknown,Export,X,1,5929137938.0,,
2010,Other/Unknown,Export,X,2,216776015.0,,
2010,Other/Unknown,Import,0,U,1878429584.0,1406.79,3101.44
2010,Pipeline,Export,X,1,2099429031.0,,
2010,Pipeline,Export,X,2,219851.0,,
2010,Pipeline,Import,0,U,181563026.0,409735.51,903311.1
2010,Rail,Export,0,1,17494086393.0,,
2010,Rail,Export,0,2,959573416.0,,
2010,Rail,Export,1,1,1112696741.0,,
2010,Rail,Export,1,2,93465299.0,,
2010,Rail,Import,0,U,26788617015.0,9894761.77,21814189.69
2010,Rail,Import,1,U,1695969841.0,429584.81,947071.26
2010,Truck,Export,0,1,82211077303.0,,
2010,Truck,Export,0,2,27118305768.0,,
2010,Truck,Export,1,1,1749373882.0,,
2010,Truck,Export,1,2,257356045.0,,
2010,Truck,Import,0,U,148390215589.0,32866691.5,72458565.41
2010,Truck,Import,1,U,604422292.0,165920.52,365791.7
2010,Vessel,Export,0,1,16039303106.0,33251518.49,73306962.69
2010,Vessel,Export,0,2,123998188.0,106658.89,235142.32
2010,Vessel,Export,1,1,747729199.0,551787.01,1216480.68
2010,Vessel,Export,1,2,26594423.0,5507.62,12142.21
2010,Vessel,Import,0,U,35712214580.0,82539026.19,181967187.92
2010,Vessel,Import,1,U,1938223099.0,1712681.26,3775811.36
2011,Air,Export,0,1,4570925213.0,44950.5,99098.77
2011,Air,Export,0,2,2975855478.0,15757.81,34739.98
2011,Air,Export,1,1,14718651.0,157.18,346.52
2011,Air,Export,1,2,4345501.0,31.59,69.64
2011,Air,Import,0,U,9996888419.0,65250.22,143851.94
2011,Air,Import,1,U,4889702.0,42.29,93.23
2011,Foreign Trade Zones (FTZs),Import,0,U,1949312102.0,229447.62,505844.81
2011,Foreign Trade Zones (FTZs),Import,1,U,170310726.0,8046.24,17738.9
2011,Mail (U.S. Postal Service),Export,X,1,1324954.0,,
2011,Mail (U.S. Postal Service),Export,X,2,208988.0,,
2011,Other/Unknown,Export,X,1,6683528324.0,,
2011,Other/Unknown,Export,X,2,262821387.0,,
2011,Other/Unknown,Import,0,U,1879604844.0,1542.2,3399.96
2011,Pipeline,Export,X,1,3491775995.0,,
2011,Pipeline,Import,0,U,281274779.0,590184.87,1301133.37
2011,Rail,Export,0,1,22121132150.0,,
2011,Rail,Export,0,2,1584103853.0,,
2011,Rail,Export,1,1,1202840343.0,,
2011,Rail,Export,1,2,55590529.0,,
2011,Rail,Import,0,U,30241112999.0,10725162.24,23644907.18
2011,Rail,Import,1,U,2065696092.0,562617.02,1240356.73
2011,Truck,Export,0,1,92978471919.0,,
2011,Truck,Export,0,2,33086268368.0,,
2011,Truck,Export,1,1,1731487984.0,,
2011,Truck,Export,1,2,251487356.0,,
2011,Truck,Import,0,U,166889646089.0,35380576.76,78000727.14
2011,Truck,Import,1,U,584220218.0,148228.09,326786.61
2011,Vessel,Export,0,1,26020130833.0,40729908.59,89793971.08
2011,Vessel,Export,0,2,95475592.0,73614.84,162292.75
2011,Vessel,Export,1,1,1130433897.0,805890.7,1776682.76
2011,Vessel,Export,1,2,25809963.0,4426.66,9759.1
2011,Vessel,Import,0,U,46458458162.0,80299143.15,177029096.97
2011,Vessel,Import,1,U,2352181826.0,1694160.13,3734979.31
2012,Air,Export,0,1,4514890665.0,44358.65,97793.97
2012,Air,Export,0,2,2862863049.0,14552.69,32083.15
2012,Air,Export,1,1,27337481.0,242.05,533.63
2012,Air,Export,1,2,8638465.0,96.76,213.32
2012,Air,Import,0,U,8654358804.0,59619.75,131438.89
2012,Air,Import,1,U,9997599.0,87.06,191.93
2012,Foreign Trade Zones (FTZs),Import,0,U,2152500928.0,169702.32,374129.13
2012,Foreign Trade Zones (FTZs),Import,1,U,132395680.0,9146.89,20165.42
2012,Mail (U.S. Postal Service),Export,X,1,287062.0,,
2012,Mail (U.S. Postal Service),Export,X,2,87510.0,,
2012,Mail (U.S. Postal Service),Import,0,U,233527.0,58.84,129.72
2012,Other/Unknown,Export,X,1,8035018312.0,,
2012,Other/Unknown,Export,X,2,333751423.0,,
2012,Other/Unknown,Import,0,U,1807551056.0,2199.41,4848.86
2012,Pipeline,Export,X,1,3394695165.0,,
2012,Pipeline,Import,0,U,214457922.0,485353.77,1070020.63
2012,Rail,Export,0,1,24039419805.0,,
2012,Rail,Export,0,2,1866545950.0,,
2012,Rail,Export,1,1,1496288807.0,,
2012,Rail,Export,1,2,84714683.0,,
2012,Rail,Import,0,U,34343298248.0,10006165.24,22059792.01
2012,Rail,Import,1,U,2568283589.0,799524.32,1762647.31
2012,Truck,Export,0,1,103257987145.0,,
2012,Truck,Export,0,2,35385166665.0,,
2012,Truck,Export,1,1,1740512014.0,,
2012,Truck,Export,1,2,370324699.0,,
2012,Truck,Import,0,U,181633796648.0,36965354.18,81494559.13
2012,Truck,Import,1,U,782216750.0,152301.4,335766.71
2012,Vessel,Export,0,1,27180906112.0,41352514.04,91166579.5
2012,Vessel,Export,0,2,94098326.0,85574.13,188658.44
2012,Vessel,Export,1,1,1177541110.0,1207354.0,2661756.78
2012,Vessel,Export,1,2,34952386.0,3847.02,8481.22
2012,Vessel,Import,0,U,43126026971.0,71193607.44,156954850.83
2012,Vessel,Import,1,U,2168471513.0,1781571.34,3927687.81
2013,Air,Export,0,1,4385077277.0,41612.09,91738.85
2013,Air,Export,0,2,3246891056.0,16169.37,35647.32
2013,Air,Export,1,1,6782807.0,82.32,181.48
2013,Air,Export,1,2,7721791.0,90.66,199.87
2013,Air,Import,0,U,7253268845.0,60750.28,133931.28
2013,Air,Import,1,U,80892919.0,376.96,831.05
2013,Foreign Trade Zones (FTZs),Import,0,U,3558260731.0,179385.26,395476.33
2013,Foreign Trade Zones (FTZs),Import,1,U,252944454.0,32477.96,71601.56
2013,Mail (U.S. Postal Service),Export,X,1,453450.0,,
2013,Mail (U.S. Postal Service),Export,X,2,111039.0,,
2013,Mail (U.S. Postal Service),Import,0,U,12315.0,0.19,0.42
2013,Other/Unknown,Export,X,1,9006357237.0,,
2013,Other/Unknown,Export,X,2,373832508.0,,
2013,Other/Unknown,Import,0,U,1908374524.0,4807.23,10598.12
2013,Pipeline,Export,X,1,3700857811.0,,
2013,Pipeline,Export,X,2,1275572.0,,
2013,Pipeline,Import,0,U,242271498.0,526065.0,1159773.42
2013,Rail,Export,0,1,24370685103.0,,
2013,Rail,Export,0,2,1958637509.0,,
2013,Rail,Export,1,1,1342365189.0,,
2013,Rail,Export,1,2,106494684.0,,
2013,Rail,Import,0,U,34262715061.0,10720505.52,23634640.88
2013,Rail,Import,1,U,7810147054.0,1702766.46,3753952.99
2013,Truck,Export,0,1,110136957567.0,,
2013,Truck,Export,0,2,38344198319.0,,
2013,Truck,Export,1,1,1685077393.0,,
2013,Truck,Export,1,2,212767402.0,,
2013,Truck,Import,0,U,183703122879.0,37562037.32,82810018.72
2013,Truck,Import,1,U,1268943884.0,312116.66,688098.63
2013,Vessel,Export,0,1,25492984372.0,40473288.98,89228222.35
2013,Vessel,Export,0,2,143470470.0,82425.31,181716.49
2013,Vessel,Export,1,1,1512412588.0,1650223.72,3638116.22
2013,Vessel,Export,1,2,43658359.0,7516.14,16570.23
2013,Vessel,Import,0,U,38033902595.0,68079555.02,150089548.59
2013,Vessel,Import,1,U,2153943086.0,1889958.45,4166640.2
2014,Air,Export,0,1,5001268210.0,43129.23,95083.56
2014,Air,Export,0,2,3643008172.0,19723.93,43483.77
2014,Air,Export,1,1,9115274.0,81.14,178.88
2014,Air,Export,1,2,11465291.0,134.34,296.17
2014,Air,Import,0,U,6928112947.0,57305.75,126337.4
2014,Air,Import,1,U,27891926.0,305.46,673.42
2014,Foreign Trade Zones (FTZs),Import,0,U,2950279503.0,231749.77,510920.18
2014,Foreign Trade Zones (FTZs),Import,1,U,272703025.0,53233.94,117360.61
2014,Mail (U.S. Postal Service),Export,X,1,453719.0,,
2014,Mail (U.S. Postal Service),Export,X,2,101323.0,,
2014,Mail (U.S. Postal Service),Import,0,U,3831.0,0.06,0.13
2014,Other/Unknown,Export,X,1,8705799080.0,,
2014,Other/Unknown,Export,X,2,449274070.0,,
2014,Other/Unknown,Import,0,U,1909908953.0,11807.93,26032.0
2014,Pipeline,Export,X,1,4781418653.0,,
2014,Pipeline,Import,0,U,205867401.0,590490.83,1301807.89
2014,Rail,Export,0,1,24853669112.0,,
2014,Rail,Export,0,2,2123448134.0,,
2014,Rail,Export,1,1,2539370209.0,,
2014,Rail,Export,1,2,61852827.0,,
2014,Rail,Import,0,U,35726774126.0,11628094.2,25635529.04
2014,Rail,Import,1,U,8384549584.0,1896268.88,4180552.3
2014,Truck,Export,0,1,117343806555.0,,
2014,Truck,Export,0,2,40906117722.0,,
2014,Truck,Export,1,1,2507119017.0,,
2014,Truck,Export,1,2,291572073.0,,
2014,Truck,Import,0,U,198082638426.0,40113832.95,88435758.4
2014,Truck,Import,1,U,1536564577.0,384495.75,847667.02
2014,Vessel,Export,0,1,24582447285.0,40543387.09,89382762.05
2014,Vessel,Export,0,2,81110819.0,55916.6,123274.85
2014,Vessel,Export,1,1,2382366251.0,2447348.45,5395473.34
2014,Vessel,Export,1,2,51397581.0,8407.63,18535.63
2014,Vessel,Import,0,U,36030101081.0,67577479.72,148982663.34
2014,Vessel,Import,1,U,2102081216.0,2351372.58,5183883.02
2015,Air,Export,0,1,5955232995.0,41887.12,92345.18
2015,Air,Export,0,2,3806390067.0,17964.34,39604.54
2015,Air,Export,1,1,26066983.0,271.83,599.28
2015,Air,Export,1,2,7884537.0,68.82,151.72
2015,Air,Import,0,U,6603604637.0,54696.17,120584.27
2015,Air,Import,1,U,15943307.0,320.89,707.44
2015,Foreign Trade Zones (FTZs),Import,0,U,3931066423.0,270544.9,596448.7
2015,Foreign Trade Zones (FTZs),Import,1,U,243448455.0,51040.87,112525.72
2015,Mail (U.S. Postal Service),Export,X,1,1126896.0,,
2015,Mail (U.S. Postal Service),Export,X,2,112595.0,,
2015,Mail (U.S. Postal Service),Import,0,U,32416.0,0.99,2.18
2015,Other/Unknown,Export,X,1,8374485740.0,,
2015,Other/Unknown,Export,X,2,312566199.0,,
2015,Other/Unknown,Import,0,U,1963139853.0,15998.83,35271.34
2015,Pipeline,Export,X,1,3459986584.0,,
2015,Pipeline,Import,0,U,221925237.0,724983.6,1598313.34
2015,Rail,Export,0,1,23552763086.0,,
2015,Rail,Export,0,2,1860305261.0,,
2015,Rail,Export,1,1,3149466457.0,,
2015,Rail,Export,1,2,129102997.0,,
2015,Rail,Import,0,U,33016879131.0,11044049.65,24347932.74
2015,Rail,Import,1,U,13003956932.0,2586744.87,5702789.48
2015,Truck,Export,0,1,116665125520.0,,
2015,Truck,Export,0,2,43904321934.0,,
2015,Truck,Export,1,1,2589198551.0,,
2015,Truck,Export,1,2,277264511.0,,
2015,Truck,Import,0,U,211312910203.0,40403279.92,89073878.98
2015,Truck,Import,1,U,1802621088.0,499376.28,1100934.93
2015,Vessel,Export,0,1,20678500867.0,46409688.1,102315726.58
2015,Vessel,Export,0,2,96162124.0,124584.62,274661.74
2015,Vessel,Export,1,1,1483559649.0,1976492.18,4357414.19
2015,Vessel,Export,1,2,47746981.0,10446.82,23031.27
2015,Vessel,Import,0,U,20196805026.0,62264763.18,137270142.2
2015,Vessel,Import,1,U,2428774682.0,2767934.54,6102243.85
2016,Air,Export,0,1,4786158062.0,37455.52,82575.19
2016,Air,Export,0,2,3843008224.0,18101.14,39906.14
2016,Air,Export,1,1,31818044.0,383.33,845.1
2016,Air,Export,1,2,8185883.0,55.2,121.7
2016,Air,Import,0,U,6916339419.0,57669.6,127139.55
2016,Air,Import,1,U,8883695.0,206.23,454.66
2016,Foreign Trade Zones (FTZs),Import,0,U,4185508257.0,313196.43,690479.11
2016,Foreign Trade Zones (FTZs),Import,1,U,207268806.0,27612.73,60875.58
2016,Mail (U.S. Postal Service),Export,X,1,2032637.0,,
2016,Mail (U.S. Postal Service),Export,X,2,1060834.0,,
2016,Mail (U.S. Postal Service),Import,0,U,4410.0,0.09,0.2
2016,Other/Unknown,Export,X,1,7971506716.0,,
2016,Other/Unknown,Export,X,2,199960004.0,,
2016,Other/Unknown,Import,0,U,2681999808.0,97453.3,214847.49
2016,Pipeline,Export,X,1,3737053552.0,,
2016,Pipeline,Import,0,U,195369275.0,703868.17,1551761.84
2016,Rail,Export,0,1,23094655080.0,,
2016,Rail,Export,0,2,2393774820.0,,
2016,Rail,Export,1,1,2926010767.0,,
2016,Rail,Export,1,2,166901829.0,,
2016,Rail,Import,0,U,41611036937.0,12210516.17,26919548.16
2016,Rail,Import,1,U,6987544453.0,2118001.3,4669388.03
2016,Truck,Export,0,1,109000424720.0,,
2016,Truck,Export,0,2,46543119585.0,,
2016,Truck,Export,1,1,3782135369.0,,
2016,Truck,Export,1,2,216648527.0,,
2016,Truck,Import,0,U,210848005206.0,43947497.29,96887531.48
2016,Truck,Import,1,U,2362751635.0,601678.36,1326472.15
2016,Vessel,Export,0,1,20766398710.0,54404178.72,119940540.49
2016,Vessel,Export,0,2,125802504.0,101801.32,224433.23
2016,Vessel,Export,1,1,1299409726.0,1593733.43,3513576.59
2016,Vessel,Export,1,2,63034874.0,9215.13,20315.86
2016,Vessel,Import,0,U,15391032530.0,54830444.91,120880295.46
2016,Vessel,Import,1,U,2755295236.0,2362013.96,5207343.22
2017,Air,Export,0,1,4748705047.0,43571.11,96057.74
2017,Air,Export,0,2,4373992185.0,19232.59,42400.55
2017,Air,Export,1,1,41813706.0,314.59,693.55
2017,Air,Export,1,2,14478822.0,146.4,322.76
2017,Air,Import,0,U,7472488043.0,71281.27,157148.11
2017,Air,Import,1,U,5828404.0,83.91,184.99
2017,Foreign Trade Zones (FTZs),Import,0,U,7302067544.0,351880.41,775762.59
2017,Foreign Trade Zones (FTZs),Import,1,U,186520437.0,11938.0,26318.75
2017,Mail (U.S. Postal Service),Export,X,1,1807351.0,,
2017,Mail (U.S. Postal Service),Export,X,2,314997.0,,
2017,Mail (U.S. Postal Service),Import,0,U,21252.0,14.49,31.94
2017,Other/Unknown,Export,X,1,8487393402.0,,
2017,Other/Unknown,Export,X,2,215370848.0,,
2017,Other/Unknown,Import,0,U,3121785776.0,193060.26,425624.51
2017,Pipeline,Export,X,1,3469328469.0,,
2017,Pipeline,Import,0,U,158002259.0,585875.59,1291633.04
2017,Rail,Export,0,1,22687068746.0,,
2017,Rail,Export,0,2,2333322809.0,,
2017,Rail,Export,1,1,2894411915.0,,
2017,Rail,Export,1,2,141354708.0,,
2017,Rail,Import,0,U,45163277989.0,13168656.54,29031883.58
2017,Rail,Import,1,U,6724526217.0,1755730.83,3870719.3
2017,Truck,Export,0,1,111781921245.0,,
2017,Truck,Export,0,2,48406257738.0,,
2017,Truck,Export,1,1,4477542939.0,,
2017,Truck,Export,1,2,605780847.0,,
2017,Truck,Import,0,U,214289853737.0,44885712.39,98955939.25
2017,Truck,Import,1,U,5172246415.0,1375810.01,3033138.26
2017,Vessel,Export,0,1,26137563812.0,64511463.62,142223262.93
2017,Vessel,Export,0,2,195414236.0,250868.14,553068.92
2017,Vessel,Export,1,1,1925383997.0,1831107.4,4036896.0
2017,Vessel,Export,1,2,49434818.0,8710.71,19203.81
2017,Vessel,Import,0,U,21163117298.0,53839837.41,118696382.35
2017,Vessel,Import,1,U,3285459612.0,2313139.08,5099592.68
2018,Air,Export,0,1,4987990372.0,44502.4,98110.88
2018,Air,Export,0,2,4727188146.0,18616.29,41041.85
2018,Air,Export,1,1,41048801.0,570.0,1256.63
2018,Air,Export,1,2,23838838.0,261.95,577.5
2018,Air,Import,0,U,7290128306.0,72926.82,160775.93
2018,Air,Import,1,U,4288709.0,39.13,86.27
2018,Foreign Trade Zones (FTZs),Import,0,U,7452092284.0,347973.3,767148.9
2018,Foreign Trade Zones (FTZs),Import,1,U,237743315.0,14496.88,31960.11
2018,Mail (U.S. Postal Service),Export,X,1,920583.0,,
2018,Mail (U.S. Postal Service),Export,X,2,199511.0,,
2018,Other/Unknown,Export,X,1,8853550393.0,,
2018,Other/Unknown,Export,X,2,107765992.0,,
2018,Other/Unknown,Import,0,U,3476992321.0,226075.95,498411.56
2018,Pipeline,Export,X,1,5045025890.0,,
2018,Pipeline,Import,0,U,147690041.0,556558.64,1227000.31
2018,Rail,Export,0,1,23949338830.0,,
2018,Rail,Export,0,2,2008402526.0,,
2018,Rail,Export,1,1,3886338600.0,,
2018,Rail,Export,1,2,107721087.0,,
2018,Rail,Import,0,U,42363854007.0,13173125.19,29041735.26
2018,Rail,Import,1,U,6057210994.0,2016406.93,4445411.05
2018,Truck,Export,0,1,117602665954.0,,
2018,Truck,Export,0,2,53838096339.0,,
2018,Truck,Export,1,1,5244015386.0,,
2018,Truck,Export,1,2,490950751.0,,
2018,Truck,Import,0,U,240613450572.0,50431951.81,111183289.6
2018,Truck,Import,1,U,6165828599.0,1610199.22,3549877.4
2018,Vessel,Export,0,1,32391933096.0,71470717.39,157565772.97
2018,Vessel,Export,0,2,194367254.0,330852.26,729403.51
2018,Vessel,Export,1,1,1427793827.0,1562237.23,3444139.44
2018,Vessel,Export,1,2,81205153.0,46746.82,103058.97
2018,Vessel,Import,0,U,29060335411.0,58854749.23,129752357.25
2018,Vessel,Import,1,U,3658124062.0,2644388.13,5829870.96
2019,Air,Export,0,1,4665864829.0,34984.19,77126.84
2019,Air,Export,0,2,4395091427.0,18084.74,39869.98
2019,Air,Export,1,1,32797674.0,343.8,757.95
2019,Air,Export,1,2,23256572.0,257.87,568.51
2019,Air,Import,0,U,7081738583.0,63821.93,140703.1
2019,Air,Import,1,U,5507319.0,46.34,102.16
2019,Foreign Trade Zones (FTZs),Import,0,U,4929452556.0,338171.71,745540.12
2019,Foreign Trade Zones (FTZs),Import,1,U,252707401.0,16683.4,36780.56
2019,Mail (U.S. Postal Service),Export,X,1,1451435.0,,
2019,Mail (U.S. Postal Service),Export,X,2,396916.0,,
2019,Mail (U.S. Postal Service),Import,0,U,2850.0,0.15,0.33
2019,Other/Unknown,Export,X,1,8553062973.0,,
2019,Other/Unknown,Export,X,2,95064919.0,,
2019,Other/Unknown,Import,0,U,3322757197.0,239497.67,528001.35
2019,Pipeline,Export,X,1,4920726759.0,,
2019,Pipeline,Import,0,U,127270099.0,571212.99,1259307.58
2019,Rail,Export,0,1,23173869112.0,,
2019,Rail,Export,0,2,1727424927.0,,
2019,Rail,Export,1,1,4019901239.0,,
2019,Rail,Export,1,2,76512710.0,,
2019,Rail,Import,0,U,45691866533.0,12885797.1,28408286.0
2019,Rail,Import,1,U,7579660793.0,2534656.38,5587954.15
2019,Truck,Export,0,1,114557573830.0,,
2019,Truck,Export,0,2,54028843575.0,,
2019,Truck,Export,1,1,4752488556.0,,
2019,Truck,Export,1,2,362279771.0,,
2019,Truck,Import,0,U,248915900529.0,52025642.7,114696772.41
2019,Truck,Import,1,U,6582253070.0,1648181.04,3633612.88
2019,Vessel,Export,0,1,29762522320.0,65641350.1,144714233.26
2019,Vessel,Export,0,2,110541974.0,193951.64,427589.66
2019,Vessel,Export,1,1,1063052584.0,1175639.45,2591838.24
2019,Vessel,Export,1,2,51361175.0,11462.02,25269.4
2019,Vessel,Import,0,U,29551363527.0,56910389.27,125465782.39
2019,Vessel,Import,1,U,4085524961.0,2734758.79,6029103.92
2020,Air,Export,0,1,3766912110.0,26820.43,59128.86
2020,Air,Export,0,2,4009027287.0,14019.2,30907.01
2020,Air,Export,1,1,29323354.0,326.9,720.69
2020,Air,Export,1,2,23054521.0,286.71,632.09
2020,Air,Import,0,U,6512383620.0,66404.58,146396.87
2020,Air,Import,1,U,6980535.0,47.95,105.71
2020,Foreign Trade Zones (FTZs),Import,0,U,4378465578.0,333365.85,734945.02
2020,Foreign Trade Zones (FTZs),Import,1,U,177105191.0,12760.16,28131.3
2020,Mail (U.S. Postal Service),Export,X,1,301589.0,,
2020,Mail (U.S. Postal Service),Export,X,2,173937.0,,
2020,Other/Unknown,Export,X,1,6930624214.0,,
2020,Other/Unknown,Export,X,2,128546559.0,,
2020,Other/Unknown,Import,0,U,3312201584.0,276300.58,609137.78
2020,Pipeline,Export,X,1,4886521016.0,,
2020,Pipeline,Export,X,2,5362488.0,,
2020,Pipeline,Import,0,U,61931890.0,382492.99,843251.7
2020,Rail,Export,0,1,19699355130.0,,
2020,Rail,Export,0,2,842911790.0,,
2020,Rail,Export,1,1,2861587787.0,,
2020,Rail,Export,1,2,115169307.0,,
2020,Rail,Import,0,U,39536427960.0,12210607.72,26919749.99
2020,Rail,Import,1,U,6667270939.0,3067959.59,6763685.07
2020,Truck,Export,0,1,97862080164.0,,
2020,Truck,Export,0,2,46762980037.0,,
2020,Truck,Export,1,1,4639299389.0,,
2020,Truck,Export,1,2,285692804.0,,
2020,Truck,Import,0,U,230501527528.0,59423674.96,131006622.29
2020,Truck,Import,1,U,5629087550.0,1470074.1,3240954.76
2020,Vessel,Export,0,1,18565563256.0,51184614.76,112842625.39
2020,Vessel,Export,0,2,90681604.0,101517.49,223807.49
2020,Vessel,Export,1,1,904179043.0,1283786.87,2830262.21
2020,Vessel,Export,1,2,262403516.0,33634.28,74150.81
2020,Vessel,Import,0,U,24394494548.0,58522022.04,129018820.23
2020,Vessel,Import,1,U,4216431871.0,2775859.36,6119715.06
2021,Air,Export,0,1,5169729183.0,38345.97,84538.29
2021,Air,Export,0,2,5415103156.0,19344.14,42646.48
2021,Air,Export,1,1,76498941.0,575.13,1267.94
2021,Air,Export,1,2,67472580.0,377.17,831.52
2021,Air,Import,0,U,7255423456.0,72832.61,160568.23
2021,Air,Import,1,U,2458576.0,50.46,111.25
2021,Foreign Trade Zones (FTZs),Import,0,U,4857153500.0,395686.76,872338.94
2021,Foreign Trade Zones (FTZs),Import,1,U,238423177.0,15466.42,34097.58
2021,Mail (U.S. Postal Service),Export,X,1,710852.0,,
2021,Mail (U.S. Postal Service),Export,X,2,232197.0,,
2021,Other/Unknown,Export,X,1,10040921923.0,,
2021,Other/Unknown,Export,X,2,499680676.0,,
2021,Other/Unknown,Import,0,U,3553211260.0,225582.55,497323.8
2021,Pipeline,Export,X,1,11935011311.0,,
2021,Pipeline,Import,0,U,90675242.0,331038.6,729814.32
2021,Rail,Export,0,1,27327588282.0,,
2021,Rail,Export,0,2,928316258.0,,
2021,Rail,Export,1,1,4398097690.0,,
2021,Rail,Export,1,2,54856397.0,,
2021,Rail,Import,0,U,43760510101.0,13627524.13,30043512.25
2021,Rail,Import,1,U,7748119461.0,3302598.22,7280974.09
2021,Truck,Export,0,1,122669916122.0,,
2021,Truck,Export,0,2,51856493129.0,,
2021,Truck,Export,1,1,6406936949.0,,
2021,Truck,Export,1,2,360751477.0,,
2021,Truck,Import,0,U,272989986598.0,65404183.5,144191371.03
2021,Truck,Import,1,U,6566065613.0,1444880.65,3185412.78
2021,Vessel,Export,0,1,27549631196.0,56232520.01,123971338.26
2021,Vessel,Export,0,2,464598502.0,564316.85,1244104.21
2021,Vessel,Export,1,1,1101569351.0,1329811.28,2931728.54
2021,Vessel,Export,1,2,134735881.0,40586.2,89477.15
2021,Vessel,Import,0,U,31799930653.0,57607422.11,127002474.93
2021,Vessel,Import,1,U,5843509635.0,3676291.85,8104826.54
2022,Air,Export,0,1,5132369247.0,37160.53,81924.85
2022,Air,Export,0,2,6472654350.0,24116.46,53167.63
2022,Air,Export,1,1,45938604.0,433.41,955.5
2022,Air,Export,1,2,31184384.0,108.86,239.99
2022,Air,Import,0,U,8697971423.0,85747.91,189041.56
2022,Air,Import,1,U,5094270.0,59.44,131.04
2022,Foreign Trade Zones (FTZs),Import,0,U,5581554157.0,496969.85,1095629.67
2022,Foreign Trade Zones (FTZs),Import,1,U,214202083.0,12229.1,26960.52
2022,Mail (U.S. Postal Service),Export,X,1,1198779.0,,
2022,Mail (U.S. Postal Service),Export,X,2,172861.0,,
2022,Mail (U.S. Postal Service),Import,0,U,21279.0,7.01,15.45
2022,Other/Unknown,Export,X,1,11768256797.0,,
2022,Other/Unknown,Export,X,2,420767420.0,,
2022,Other/Unknown,Import,0,U,3494078650.0,174157.27,383950.6
2022,Pipeline,Export,X,1,14608565762.0,,
2022,Pipeline,Import,0,U,119354422.0,284312.5,626801.02
2022,Rail,Export,0,1,29220324444.0,,
2022,Rail,Export,0,2,914120019.0,,
2022,Rail,Export,1,1,3103660226.0,,
2022,Rail,Export,1,2,44164191.0,,
2022,Rail,Import,0,U,48939287947.0,16121072.04,35540837.84
2022,Rail,Import,1,U,9169851039.0,2925396.03,6449386.6
2022,Truck,Export,0,1,140922854741.0,,
2022,Truck,Export,0,2,59880418096.0,,
2022,Truck,Export,1,1,6696913991.0,,
2022,Truck,Export,1,2,358139639.0,,
2022,Truck,Import,0,U,320215065158.0,66498218.52,146603302.51
2022,Truck,Import,1,U,7878071924.0,1355218.79,2987742.45
2022,Vessel,Export,0,1,43238651739.0,61637674.49,135887649.93
2022,Vessel,Export,0,2,263217073.0,201606.63,444466.01
2022,Vessel,Export,1,1,1133034155.0,1254091.78,2764795.82
2022,Vessel,Export,1,2,121256779.0,23977.85,52862.05
2022,Vessel,Import,0,U,45824507397.0,57766616.99,127353439.15
2022,Vessel,Import,1,U,4790891448.0,2764808.86,6095352.91
2023,Air,Export,0,1,5323279324.0,34916.13,76976.8
2023,Air,Export,0,2,7465541844.0,24080.98,53089.41
2023,Air,Export,1,1,97406175.0,589.04,1298.61
2023,Air,Export,1,2,116986135.0,234.76,517.56
2023,Air,Import,0,U,8557248259.0,75132.73,165639.12
2023,Air,Import,1,U,2829706.0,53.71,118.41
2023,Foreign Trade Zones (FTZs),Import,0,U,6080148443.0,507347.25,1118507.89
2023,Foreign Trade Zones (FTZs),Import,1,U,193552440.0,8537.88,18822.78
2023,Mail (U.S. Postal Service),Export,X,1,3254621.0,,
2023,Mail (U.S. Postal Service),Export,X,2,2006313.0,,
2023,Mail (U.S. Postal Service),Import,0,U,438.0,0.0,0.0
2023,Other/Unknown,Export,X,1,12030913563.0,,
2023,Other/Unknown,Export,X,2,175067944.0,,
2023,Other/Unknown,Import,0,U,3991542267.0,261599.78,576728.11
2023,Pipeline,Export,X,1,7300762477.0,,
2023,Pipeline,Import,0,U,65580908.0,259462.37,572015.93
2023,Rail,Export,0,1,29160498201.0,,
2023,Rail,Export,0,2,976002576.0,,
2023,Rail,Export,1,1,2844292575.0,,
2023,Rail,Export,1,2,54590565.0,,
2023,Rail,Import,0,U,55481923845.0,16225329.09,35770685.02
2023,Rail,Import,1,U,6847183442.0,2601139.39,5734523.92
2023,Truck,Export,0,1,149046326228.0,,
2023,Truck,Export,0,2,61113686265.0,,
2023,Truck,Export,1,1,8006130156.0,,
2023,Truck,Export,1,2,337688710.0,,
2023,Truck,Import,0,U,334772865192.0,60103347.85,132505042.74
2023,Truck,Import,1,U,7372972956.0,1325846.47,2922987.64
2023,Vessel,Export,0,1,37721292273.0,57327419.92,126385176.5
2023,Vessel,Export,0,2,168926789.0,103172.14,227455.36
2023,Vessel,Export,1,1,1148716489.0,967799.61,2133630.38
2023,Vessel,Export,1,2,134543887.0,12239.96,26984.46
2023,Vessel,Import,0,U,47203011016.0,61417040.73,135401236.33
2023,Vessel,Import,1,U,5037883074.0,2296388.14,5062663.22
2024,Air,Export,0,1,5659195867.0,34964.19,77082.75
2024,Air,Export,0,2,6805378616.0,22225.14,48997.99
2024,Air,Export,1,1,175932304.0,531.75,1172.31
2024,Air,Export,1,2,18567174.0,222.34,490.18
2024,Air,Import,0,U,8869056637.0,78168.96,172332.85
2024,Air,Import,1,U,2724788.0,21.19,46.72
2024,Foreign Trade Zones (FTZs),Import,0,U,6400260408.0,598879.79,1320302.36
2024,Foreign Trade Zones (FTZs),Import,1,U,196778414.0,12917.51,28478.2
2024,Mail (U.S. Postal Service),Export,X,1,1283550.0,,
2024,Mail (U.S. Postal Service),Export,X,2,1199509.0,,
2024,Other/Unknown,Export,X,1,12686607905.0,,
2024,Other/Unknown,Export,X,2,298709543.0,,
2024,Other/Unknown,Import,0,U,4043271292.0,259437.28,571960.62
2024,Pipeline,Export,X,1,5732854478.0,,
2024,Pipeline,Export,X,2,19324.0,,
2024,Pipeline,Import,0,U,9473808.0,153446.65,338291.55
2024,Rail,Export,0,1,27414629414.0,,
2024,Rail,Export,0,2,751948084.0,,
2024,Rail,Export,1,1,5949237601.0,,
2024,Rail,Export,1,2,203438452.0,,
2024,Rail,Import,0,U,58842948806.0,17455867.47,38483554.54
2024,Rail,Import,1,U,5088961533.0,2593594.75,5717890.86
2024,Truck,Export,0,1,151217308804.0,,
2024,Truck,Export,0,2,75514328771.0,,
2024,Truck,Export,1,1,6921272439.0,,
2024,Truck,Export,1,2,347972159.0,,
2024,Truck,Import,0,U,367887897229.0,61471918.6,135522221.18
2024,Truck,Import,1,U,7120679245.0,1232571.5,2717351.78
2024,Vessel,Export,0,1,32781487879.0,59050320.0,130183516.48
2024,Vessel,Export,0,2,248911512.0,216450.1,477190.22
2024,Vessel,Export,1,1,1226524755.0,956742.5,2109253.65
2024,Vessel,Export,1,2,84550905.0,17078.75,37652.15
2024,Vessel,Import,0,U,42021512063.0,43286594.97,95430493.0
2024,Vessel,Import,1,U,5367034360.0,2247493.68,4954869.52
2025,Air,Export,0,1,6233410464.0,31178.33,68736.37
2025,Air,Export,0,2,16093349917.0,22466.94,49531.07
2025,Air,Export,1,1,155606343.0,287.9,634.71
2025,Air,Export,1,2,58888737.0,171.53,378.16
2025,Air,Import,0,U,10607194806.0,65989.68,145482.17
2025,Air,Import,1,U,3096628.0,41.61,91.73
2025,Foreign Trade Zones (FTZs),Import,0,U,10051780674.0,1032155.8,2275511.32
2025,Foreign Trade Zones (FTZs),Import,1,U,172878416.0,11503.2,25360.18
2025,Mail (U.S. Postal Service),Export,X,1,930123.0,,
2025,Mail (U.S. Postal Service),Export,X,2,544569.0,,
2025,Other/Unknown,Export,X,1,12919446090.0,,
2025,Other/Unknown,Export,X,2,190256718.0,,
2025,Other/Unknown,Import,0,U,3553228941.0,58531.33,129039.34
2025,Pipeline,Export,X,1,8426806404.0,,
2025,Pipeline,Import,0,U,1603856.0,26007.23,57336.06
2025,Rail,Export,0,1,23939417317.0,,
2025,Rail,Export,0,2,490765309.0,,
2025,Rail,Export,1,1,8520691421.0,,
2025,Rail,Export,1,2,322496990.0,,
2025,Rail,Import,0,U,56443910493.0,16370323.59,36090342.79
2025,Rail,Import,1,U,5030012833.0,3044659.78,6712317.84
2025,Truck,Export,0,1,142298206007.0,,
2025,Truck,Export,0,2,82495977277.0,,
2025,Truck,Export,1,1,5635210368.0,,
2025,Truck,Export,1,2,565125632.0,,
2025,Truck,Import,0,U,405059053365.0,61400746.12,135365312.91
2025,Truck,Import,1,U,6187584806.0,1056148.25,2328405.55
2025,Vessel,Export,0,1,27983539690.0,54698140.65,120588614.84
2025,Vessel,Export,0,2,248183284.0,220206.95,485472.65
2025,Vessel,Export,1,1,1113393606.0,1058248.07,2333034.86
2025,Vessel,Export,1,2,267895395.0,133422.68,294146.31
2025,Vessel,Import,0,U,32982779729.0,36905548.37,81362710.05
2025,Vessel,Import,1,U,4780410844.0,2731235.4,6021336.19
